NAME,AGB_Mg_ha
Rhode Island,98.31933223105632
Wisconsin,55.628712301546976
Iowa,20.228054198852792
Tennessee,87.01367461583526
Colorado,20.923757816691666
